	AMP	ADP	ATP	Acetate	Alanine	Ascorbat	Aspartate	Betaine	Cholate	Creatine	Ethanol	Formate	Fumarate	Glucose	Glucose_1_phosphate	Glucose_6_phosphate	Glutamate	Glutamine	Glutathione	Glycine	Histidine	Hypoxanthine	IMP	Inosine	Isoleucine	Lactate	Leucine	Lysine	Malate	Maltose	Methanol	Methionine	NAD_	NADP_	NADH	NADPH	Niacinamide	Phenylalanine	Succinate	Taurine	Tyrosine	UDP_glucose	UDP_glucuronate	Uracil	Uridine	Valine	Group:Group:A	Group:Group:B	Group:Group:C	Group:Group:D	Group:Group:E
Group:Group:E_1P	1.112242857e-01	0.000000000e+00	0.000000000e+00	2.144740000e+00	3.000957143e+00	8.604142857e-01	1.208777143e+00	1.615900000e+00	4.826714286e-02	2.308428571e-01	1.795936443e+02	2.749128571e-01	4.931642857e-01	7.809623714e+01	1.275092000e+01	2.317242571e+01	3.796315714e+00	6.937877143e+00	1.617998571e+00	4.988304286e+00	1.003117143e+00	2.694565714e+00	1.028300000e-01	1.072370000e+00	4.260100000e-01	5.504552857e+00	8.478228571e-01	1.147918571e+00	3.840385714e+00	4.512558143e+01	2.044008571e+00	2.266457143e-01	0.000000000e+00	0.000000000e+00	0.000000000e+00	0.000000000e+00	1.649477143e+00	2.287442857e-01	7.974571429e-02	2.315773571e+01	3.525600000e-01	5.771071429e-01	2.245471429e-01	5.519242857e-01	6.505571429e-01	7.785700000e-01	0.000000000e+00	0.000000000e+00	0.000000000e+00	0.000000000e+00	1.000000000e+00
Group:Group:E_2P	1.089258503e+00	0.000000000e+00	0.000000000e+00	1.678857143e+00	3.657510204e+00	7.161791383e-01	9.160430839e-01	3.794083900e+00	0.000000000e+00	2.964648526e-01	3.458978685e+01	2.664852608e-01	3.231133787e-01	4.940303628e+01	6.074531519e+01	1.735818367e+01	3.584226757e+00	5.799385488e+00	4.513594104e+00	4.077224490e+00	1.095920635e+00	2.881371882e+00	1.865396825e-01	5.029909297e-01	4.397006803e-01	8.690750567e+00	9.626780045e-01	1.175866213e+00	2.534941043e+00	5.083206349e+00	1.590583900e+01	3.764104308e-01	0.000000000e+00	0.000000000e+00	0.000000000e+00	0.000000000e+00	1.648877551e+00	3.197823129e-01	6.995238095e-02	2.253799093e+01	3.764104308e-01	6.562199546e-01	3.097891156e-01	2.464988662e-01	2.165192744e-01	7.828004535e-01	0.000000000e+00	0.000000000e+00	0.000000000e+00	0.000000000e+00	1.000000000e+00
Group:Group:E_3P	3.786082474e-01	0.000000000e+00	0.000000000e+00	1.768857732e+00	2.859249485e+00	5.815422680e-01	1.638616495e+00	3.801226804e+00	1.575010309e-01	3.604350515e-01	3.990228041e+01	2.392804124e-01	4.785608247e-01	6.467537526e+01	1.531697526e+01	2.344948041e+01	7.444952577e+00	7.148123711e+00	1.241835052e+00	4.261614433e+00	8.904865979e-01	2.189870103e+00	2.938000000e-01	5.815422680e-01	4.603876289e-01	4.794694845e+00	9.450061856e-01	1.202459794e+00	3.640696907e+00	5.797249485e+00	2.898624742e+00	3.634639175e-01	0.000000000e+00	0.000000000e+00	0.000000000e+00	0.000000000e+00	1.556837113e+00	3.028865979e-01	8.480824742e-02	2.426727423e+01	4.573587629e-01	8.601979381e-01	2.998577320e-01	6.148597938e-01	2.332226804e-01	7.602453608e-01	0.000000000e+00	0.000000000e+00	0.000000000e+00	0.000000000e+00	1.000000000e+00
Group:Group:E_4P	2.800611511e-01	0.000000000e+00	0.000000000e+00	2.310944844e+00	3.841593525e+00	9.899016787e-01	1.491898082e+00	1.393260192e+00	4.755755396e-02	2.871067146e-01	1.262811583e+02	2.765383693e-01	5.337014388e-01	8.728572542e+01	2.001644604e+01	1.767731894e+01	4.877291367e+00	8.275014388e+00	5.252467626e+00	5.590654676e+00	1.102630695e+00	3.492838129e+00	2.923908873e-01	1.497182254e+00	3.980743405e-01	6.651011990e+00	8.278537170e-01	1.167802158e+00	4.116370504e+00	9.007752998e+00	1.666275779e+00	2.536402878e-01	0.000000000e+00	0.000000000e+00	0.000000000e+00	0.000000000e+00	1.639854916e+00	2.465947242e-01	1.215359712e-01	1.022663549e+01	4.121654676e-01	7.873417266e-01	2.818225420e-01	4.156882494e-01	6.305779376e-01	7.785347722e-01	0.000000000e+00	0.000000000e+00	0.000000000e+00	0.000000000e+00	1.000000000e+00
Group:Group:E_5P	2.173951149e-01	0.000000000e+00	0.000000000e+00	2.247823276e+00	3.201829023e+00	6.669597701e-01	5.593175287e-01	2.777591954e+00	3.799137931e-02	2.574971264e-01	1.378306135e+02	3.081522989e-01	3.313692529e-01	8.499515805e+01	1.131298851e+01	3.119514368e+01	3.452994253e+00	4.666607759e+00	1.886905172e+00	4.478761494e+00	1.023656609e+00	2.581303161e+00	1.667399425e-01	8.906867816e-01	3.461436782e-01	8.058393678e+00	7.302787356e-01	8.927974138e-01	2.560196839e+00	6.076510057e+00	2.256265805e+00	2.300589080e-01	0.000000000e+00	0.000000000e+00	0.000000000e+00	0.000000000e+00	1.553425287e+00	2.321695402e-01	6.120833333e-02	2.542889655e+01	3.503649425e-01	6.163045977e-01	3.545862069e-01	4.263477011e-01	4.369008621e-01	6.542959770e-01	0.000000000e+00	0.000000000e+00	0.000000000e+00	0.000000000e+00	1.000000000e+00
Group:Group:E_6P	1.177934840e+00	0.000000000e+00	0.000000000e+00	2.303126330e+00	3.860031915e+00	3.555292553e-01	5.938510638e-01	2.236708777e+00	3.125531915e-02	2.754375000e-01	1.506467314e+02	2.852047872e-01	3.086462766e-01	6.342290293e+01	2.228699601e+01	1.981782580e+01	4.326908245e+00	5.709956117e+00	3.338458777e+00	4.832853723e+00	1.009937500e+00	2.949720745e+00	2.090199468e-01	9.357061170e-01	3.535757979e-01	9.007392287e+00	7.305930851e-01	8.517074468e-01	2.350009309e+00	4.977409574e+00	1.123238032e+01	2.168337766e-01	0.000000000e+00	0.000000000e+00	0.000000000e+00	0.000000000e+00	1.824529255e+00	2.461356383e-01	5.274335106e-02	2.357237101e+01	3.555292553e-01	5.997114362e-01	2.832513298e-01	3.027859043e-01	3.203670213e-01	6.739428191e-01	0.000000000e+00	0.000000000e+00	0.000000000e+00	0.000000000e+00	1.000000000e+00
Group:Group:A_1P	6.635430809e-01	0.000000000e+00	0.000000000e+00	3.471135770e+00	6.301741514e+00	9.128511749e-01	9.358642298e-01	2.025148825e+00	0.000000000e+00	2.991697128e-01	3.435849086e+01	2.301305483e-01	3.912219321e-01	1.173128825e+02	3.632610705e+01	2.760415927e+01	2.485409922e+00	9.036459530e+00	3.229498695e+00	4.978490862e+00	1.181336815e+00	2.320483029e+00	4.832741514e-01	4.065639687e-01	6.865561358e-01	2.094571540e+01	1.235033943e+00	1.626255875e+00	3.214156658e+00	1.986793734e+01	3.916054830e+00	4.564255875e-01	0.000000000e+00	0.000000000e+00	0.000000000e+00	0.000000000e+00	1.802689295e+00	4.334125326e-01	8.438120104e-02	2.001368668e+01	6.060104439e-01	6.942271540e-01	3.643733681e-01	6.405300261e-01	3.835509138e-01	1.200514360e+00	1.000000000e+00	0.000000000e+00	0.000000000e+00	0.000000000e+00	0.000000000e+00
Group:Group:A_2P	8.260463768e-01	0.000000000e+00	0.000000000e+00	2.716585507e+00	4.317582609e+00	6.429536232e-01	3.491536232e-01	2.703811594e+00	4.360162319e+00	3.789594203e-01	8.291972754e+01	1.958666667e-01	2.597362319e-01	7.735881739e+01	2.014020290e+00	1.241624348e+01	1.988472464e+00	4.330356522e+00	3.474504348e+00	3.406376812e+00	7.621768116e-01	2.239692754e+00	3.193478261e-01	2.639942029e-01	4.768927536e-01	1.975272754e+01	1.302939130e+00	1.090040580e+00	2.014020290e+00	3.007404928e+01	2.454720290e+01	2.725101449e-01	0.000000000e+00	0.000000000e+00	0.000000000e+00	0.000000000e+00	1.345518841e+00	2.554782609e-01	4.257971014e-02	2.803448116e+01	4.215391304e-01	3.704434783e-01	3.534115942e-01	3.959913043e-01	1.916086957e-01	1.124104348e+00	1.000000000e+00	0.000000000e+00	0.000000000e+00	0.000000000e+00	0.000000000e+00
Group:Group:A_3P	8.475878694e-01	0.000000000e+00	0.000000000e+00	3.120768274e+00	4.873059098e+00	8.018958009e-01	3.792441680e-01	3.408628305e+00	1.370762053e-01	2.375987558e-01	5.295253810e+01	2.969984448e-01	2.490217729e-01	9.610869673e+01	1.154181649e+01	2.307220995e+01	2.250334370e+00	4.359023328e+00	2.643286159e+00	5.208895801e+00	8.795723173e-01	2.181796267e+00	3.495443235e-01	6.693888025e-01	4.363592535e-01	2.063682271e+01	8.955645412e-01	1.039494557e+00	1.729444790e+00	2.540250544e+01	2.362279938e+00	2.238911353e-01	0.000000000e+00	0.000000000e+00	0.000000000e+00	0.000000000e+00	1.681468118e+00	2.558755832e-01	4.797667185e-02	2.545048212e+01	4.500668740e-01	4.432130638e-01	2.855754277e-01	5.642970451e-01	4.637744946e-01	8.864261275e-01	1.000000000e+00	0.000000000e+00	0.000000000e+00	0.000000000e+00	0.000000000e+00
Group:Group:A_4P	5.132335116e-01	0.000000000e+00	0.000000000e+00	3.377914439e+00	4.132053476e+00	9.086327986e-01	5.210891266e-01	4.367721925e+00	0.000000000e+00	3.508841355e-01	6.693507665e+01	2.487611408e-01	3.535026738e-01	1.116440000e+02	2.277080927e+01	6.355192513e+00	2.765176471e+00	7.284773619e+00	3.535026738e+00	4.286547237e+00	1.110260250e+00	3.068926916e+00	3.901622103e-01	7.672317291e-01	4.268217469e-01	1.663819251e+01	7.934171123e-01	9.845704100e-01	2.623775401e+00	1.777201961e+01	1.372375936e+01	2.592352941e-01	0.000000000e+00	0.000000000e+00	0.000000000e+00	0.000000000e+00	1.654916221e+00	3.168431373e-01	5.498930481e-02	1.458787701e+01	5.210891266e-01	3.273172906e-01	1.440196078e-01	5.001408200e-01	4.870481283e-01	6.939126560e-01	1.000000000e+00	0.000000000e+00	0.000000000e+00	0.000000000e+00	0.000000000e+00
Group:Group:A_5P	3.391837398e-01	0.000000000e+00	0.000000000e+00	4.108422764e+00	4.046318699e+00	5.326617886e-01	5.637138211e-01	2.493717073e+00	0.000000000e+00	3.033544715e-01	9.997082439e+01	3.344065041e-01	3.200747967e-01	1.083811480e+02	3.580538211e+00	1.564305854e+01	3.819400000e+00	7.383217886e+00	1.177588618e+00	4.371170732e+00	8.527365854e-01	2.123481301e+00	2.101983740e-01	6.473154472e-01	3.941219512e-01	1.644085691e+01	7.739121951e-01	1.086821138e+00	2.443556098e+00	1.548779837e+01	2.364731707e+00	2.269186992e-01	0.000000000e+00	0.000000000e+00	0.000000000e+00	0.000000000e+00	1.523938211e+00	2.603593496e-01	6.210406504e-02	1.500768618e+01	4.227853659e-01	3.415723577e-01	1.672032520e-01	6.497040650e-01	5.947658537e-01	7.094195122e-01	1.000000000e+00	0.000000000e+00	0.000000000e+00	0.000000000e+00	0.000000000e+00
Group:Group:A_6P	6.423996865e-01	0.000000000e+00	0.000000000e+00	2.905764890e+00	3.732365204e+00	6.884498433e-01	5.733244514e-01	3.269561129e+00	0.000000000e+00	3.223510972e-01	1.917758777e+01	2.509733542e-01	2.786034483e-01	7.909114420e+01	1.428245611e+01	1.983150000e+01	3.062335423e+00	6.138485893e+00	4.054716301e+00	4.139909091e+00	9.670532915e-01	2.857412226e+00	3.684012539e-01	8.081802508e-01	3.983338558e-01	2.002491066e+01	8.289028213e-01	9.117931034e-01	2.166659875e+00	5.963495298e+00	1.247728997e+01	3.131410658e-01	0.000000000e+00	0.000000000e+00	0.000000000e+00	0.000000000e+00	1.501235110e+00	2.739984326e-01	2.532758621e-02	2.008477586e+01	4.374764890e-01	1.772931034e-01	2.578808777e-01	4.950391850e-01	5.894420063e-01	6.354921630e-01	1.000000000e+00	0.000000000e+00	0.000000000e+00	0.000000000e+00	0.000000000e+00
Group:Group:B_1P	3.072582298e+00	9.854161491e-01	1.254580745e-01	1.067534161e+00	1.706229814e+00	9.945403727e-01	6.067608696e-01	4.245045031e+00	4.105900621e-02	2.486350932e-01	1.421325932e+01	1.482686335e-01	1.961708075e-01	2.774904503e+01	0.000000000e+00	0.000000000e+00	4.838119565e+00	5.574900621e+00	6.355021739e+00	2.518285714e+00	5.748260870e-01	0.000000000e+00	2.531972050e-01	2.737267081e-01	2.691645963e-01	5.417507764e+00	5.337670807e-01	6.523819876e-01	6.021987578e-01	0.000000000e+00	1.190711180e+01	1.459875776e-01	1.101750000e+00	7.755590062e-02	1.391444099e-01	2.440729814e-01	0.000000000e+00	1.619549689e-01	1.291077640e+00	1.887573758e+01	2.714456522e-01	7.116894410e-01	6.067608696e-01	0.000000000e+00	0.000000000e+00	4.265574534e-01	0.000000000e+00	1.000000000e+00	0.000000000e+00	0.000000000e+00	0.000000000e+00
Group:Group:B_2P	2.828130194e+00	1.827094183e+00	2.645013850e-01	1.066144044e+00	1.497484765e+00	7.039806094e-01	7.975734072e-01	2.128218837e+00	0.000000000e+00	2.441551247e-01	2.399475180e+02	1.709085873e-01	2.441551247e-01	2.532295568e+01	0.000000000e+00	0.000000000e+00	4.411069252e+00	7.739717452e+00	5.782407202e+00	2.612459834e+00	8.789584488e-01	0.000000000e+00	2.767091413e-01	2.075318560e-01	2.482243767e-01	2.689775623e+00	5.005180055e-01	7.202576177e-01	5.127257618e-01	0.000000000e+00	2.122521884e+01	1.587008310e-01	8.911662050e-01	0.000000000e+00	2.563628809e-01	2.726398892e-01	0.000000000e+00	1.302160665e-01	9.359279778e-01	3.168726593e+01	2.034626039e-01	8.423351801e-01	5.941108033e-01	0.000000000e+00	0.000000000e+00	4.516869806e-01	0.000000000e+00	1.000000000e+00	0.000000000e+00	0.000000000e+00	0.000000000e+00
Group:Group:B_3P	3.167867971e+00	1.415124694e+00	1.185256724e-01	1.088281174e+00	2.751232274e+00	8.620048900e-01	6.357286064e-01	1.583933985e+00	4.310024450e-02	1.795843521e-01	3.603539609e+01	1.688092910e-01	2.657848411e-01	3.259455990e+01	0.000000000e+00	0.000000000e+00	4.004731051e+00	6.332144254e+00	5.779024450e+00	2.841024450e+00	7.075623472e-01	0.000000000e+00	6.465036675e-01	2.873349633e-01	3.017017115e-01	6.590745721e+00	5.674865526e-01	5.567114914e-01	6.536870416e-01	0.000000000e+00	1.760644988e+01	1.580342298e-01	1.163706601e+00	1.185256724e-01	2.011344743e-01	1.616259169e-01	0.000000000e+00	0.000000000e+00	1.569567237e+00	3.230363325e+01	2.083178484e-01	6.393202934e-01	6.644621027e-01	0.000000000e+00	0.000000000e+00	5.387530562e-01	0.000000000e+00	1.000000000e+00	0.000000000e+00	0.000000000e+00	0.000000000e+00
Group:Group:B_4P	2.805069018e+00	1.101750000e+00	1.058941718e-01	8.020920245e-01	1.782176380e+00	1.022892638e+00	5.632668712e-01	1.608690184e+00	2.478374233e-02	1.870046012e-01	2.611981135e+01	1.261717791e-01	1.757392638e-01	2.843145859e+01	0.000000000e+00	0.000000000e+00	3.609414110e+00	4.765237730e+00	5.073907975e+00	2.647354294e+00	5.114463190e-01	0.000000000e+00	2.253067485e-01	2.455843558e-01	2.298128834e-01	5.474953988e+00	4.641319018e-01	4.145644172e-01	5.497484663e-01	0.000000000e+00	1.404336963e+01	1.058941718e-01	1.160329755e+00	1.441963190e-01	1.306779141e-01	1.396901840e-01	0.000000000e+00	1.329309816e-01	1.252705521e+00	2.818362117e+01	2.185475460e-01	6.669079755e-01	5.362300613e-01	0.000000000e+00	0.000000000e+00	4.280828221e-01	0.000000000e+00	1.000000000e+00	0.000000000e+00	0.000000000e+00	0.000000000e+00
Group:Group:B_5P	3.264149819e+00	1.142850181e+00	8.220036101e-02	9.201137184e-01	2.150467509e+00	8.167003610e-01	6.310866426e-01	3.712274368e-01	0.000000000e+00	2.519043321e-01	1.381682004e+02	1.431877256e-01	2.810722022e-01	3.585791877e+01	0.000000000e+00	0.000000000e+00	3.950920578e+00	5.746070397e+00	6.114646209e+00	2.914135379e+00	5.303249097e-01	0.000000000e+00	4.348664260e-01	2.943303249e-01	2.333429603e-01	5.186577617e+00	5.091119134e-01	5.303249097e-01	5.807057762e-01	0.000000000e+00	1.518320217e+01	1.087166065e-01	1.076559567e+00	1.644007220e-01	1.431877256e-01	2.359945848e-01	0.000000000e+00	1.776588448e-01	1.389451264e+00	2.878338448e+01	2.572075812e-01	6.469963899e-01	5.462346570e-01	0.000000000e+00	0.000000000e+00	5.011570397e-01	0.000000000e+00	1.000000000e+00	0.000000000e+00	0.000000000e+00	0.000000000e+00
Group:Group:B_6P	3.314456825e+00	1.469000000e+00	2.127799443e-01	1.170289694e+00	1.673596100e+00	6.915348189e-01	1.325782730e+00	1.162105850e+00	0.000000000e+00	2.332395543e-01	1.405902563e+02	1.595849582e-01	5.442256267e-01	3.030477437e+01	0.000000000e+00	0.000000000e+00	4.398816156e+00	1.027072423e+01	6.141974930e+00	2.827518106e+00	6.506155989e-01	0.000000000e+00	6.301559889e-01	3.028022284e-01	2.455153203e-01	2.266924791e+00	4.869387187e-01	4.992144847e-01	1.129370474e+00	0.000000000e+00	2.376179109e+01	1.104818942e-01	1.133462396e+00	1.350334262e-01	1.473091922e-01	2.946183844e-01	0.000000000e+00	1.964122563e-01	9.656935933e-01	1.825406407e+01	2.168718663e-01	7.365459610e-01	6.997186630e-01	0.000000000e+00	0.000000000e+00	3.846406685e-01	0.000000000e+00	1.000000000e+00	0.000000000e+00	0.000000000e+00	0.000000000e+00
Group:Group:C_1P	2.424041775e+00	1.875563969e+00	2.339660574e-01	9.473707572e-01	4.088652742e+00	0.000000000e+00	5.829973890e-01	7.793754569e+00	7.364177546e-01	3.336892950e-01	2.057558877e+02	1.457493473e-01	1.879399478e-01	2.361522977e+01	0.000000000e+00	0.000000000e+00	3.551681462e+00	4.951642298e+00	7.145553525e+00	3.191143603e+00	8.092924282e-01	0.000000000e+00	2.032819843e-01	1.227362924e-01	2.301305483e-01	1.302922454e+01	3.643733681e-01	5.139582245e-01	4.564255875e-01	0.000000000e+00	1.977972063e+01	2.531436031e-01	1.181336815e+00	1.342428198e-01	1.150652742e-01	1.380783290e-01	0.000000000e+00	1.073942559e-01	1.438315927e+00	2.704801044e+01	1.802689295e-01	6.903916449e-01	4.832741514e-01	0.000000000e+00	0.000000000e+00	3.835509138e-01	0.000000000e+00	0.000000000e+00	1.000000000e+00	0.000000000e+00	0.000000000e+00
Group:Group:C_2P	2.787479896e+00	1.148906615e+00	1.600466926e-01	1.259415045e+00	2.231127108e+00	1.011723735e+00	4.572762646e-01	5.462546044e+00	3.620103761e-02	2.667444877e-01	1.551195409e+02	1.752892348e-01	1.733839170e-01	2.156629183e+01	0.000000000e+00	0.000000000e+00	4.161214008e+00	5.536853437e+00	5.384428016e+00	2.720793774e+00	7.602217899e-01	0.000000000e+00	1.810051881e-01	2.038690013e-01	2.038690013e-01	5.881715953e+00	4.344124514e-01	4.210752270e-01	4.020220493e-01	0.000000000e+00	1.007532036e+01	8.954993515e-02	9.717120623e-01	1.352775616e-01	8.002334630e-02	8.954993515e-02	1.371828794e-01	1.543307393e-01	1.042208820e+00	1.977719844e+01	1.943424125e-01	6.916303502e-01	3.543891051e-01	0.000000000e+00	0.000000000e+00	3.905901427e-01	0.000000000e+00	0.000000000e+00	1.000000000e+00	0.000000000e+00	0.000000000e+00
Group:Group:C_3P	2.412125587e+00	9.448497653e-01	1.000023474e-01	7.965704225e-01	1.822456573e+00	1.153475352e+00	4.500105634e-01	1.344859155e+00	2.413849765e-02	2.362124413e-01	2.792479343e+01	1.000023474e-01	1.482793427e-01	1.915734624e+01	0.000000000e+00	0.000000000e+00	2.522473005e+00	4.122510563e+00	5.500129108e+00	2.701787559e+00	4.500105634e-01	0.000000000e+00	2.965586854e-01	3.965610329e-02	2.120739437e-01	8.381231221e+00	3.706983568e-01	5.258744131e-01	4.551830986e-01	0.000000000e+00	9.976096244e+00	1.206924883e-01	1.317272300e+00	8.448474178e-02	8.448474178e-02	1.500035211e-01	0.000000000e+00	1.293133803e-01	1.296582160e+00	1.852802113e+01	1.827629108e-01	6.655328638e-01	4.741490610e-01	0.000000000e+00	0.000000000e+00	3.827676056e-01	0.000000000e+00	0.000000000e+00	1.000000000e+00	0.000000000e+00	0.000000000e+00
Group:Group:C_4P	3.202788401e+00	9.071880878e-01	9.210031348e-02	5.203667712e-01	3.642567398e+00	1.061456113e+00	6.078620690e-01	5.737849530e+00	4.374764890e-02	3.891238245e-01	4.537321944e+01	1.105203762e-01	3.430736677e-01	2.127056740e+01	0.000000000e+00	0.000000000e+00	4.188261755e+00	2.424540752e+00	7.593670846e+00	2.378490596e+00	6.423996865e-01	0.000000000e+00	1.496630094e-01	1.818981191e-01	1.542680251e-01	7.743333856e+00	4.236614420e-01	5.572068966e-01	9.210031348e-01	0.000000000e+00	1.248650000e+01	6.447021944e-02	1.558797806e+00	1.980156740e-01	1.289404389e-01	7.828526646e-02	0.000000000e+00	1.818981191e-01	1.289404389e+00	3.154665987e+01	1.842006270e-01	8.242978056e-01	3.062335423e-01	0.000000000e+00	0.000000000e+00	3.568887147e-01	0.000000000e+00	0.000000000e+00	1.000000000e+00	0.000000000e+00	0.000000000e+00
Group:Group:C_5P	2.617614849e+00	7.822169374e-01	0.000000000e+00	7.532459397e-01	2.418226218e+00	1.227006961e+00	7.975545244e-01	2.021153132e+00	2.556264501e-02	2.010928074e-01	3.046385615e+01	1.073631090e-01	4.533109049e-01	2.682884803e+01	0.000000000e+00	0.000000000e+00	3.440732019e+00	5.736257541e+00	5.855549884e+00	2.595460557e+00	8.128921114e-01	0.000000000e+00	4.499025522e-01	5.623781903e-02	2.845974478e-01	5.478926914e+00	5.368155452e-01	4.413816705e-01	1.208261021e+00	0.000000000e+00	8.912842227e+00	1.209965197e-01	1.310511601e+00	1.005464037e-01	1.397424594e-01	8.520881671e-02	0.000000000e+00	1.584883991e-01	1.422987239e+00	1.576703944e+01	2.198387471e-01	7.208665893e-01	4.277482599e-01	0.000000000e+00	0.000000000e+00	5.180696056e-01	0.000000000e+00	0.000000000e+00	1.000000000e+00	0.000000000e+00	0.000000000e+00
Group:Group:C_6P	2.576542587e+00	1.290588328e+00	6.024290221e-02	5.282839117e-01	4.369927445e+00	1.327660883e+00	5.190157729e-01	3.781400631e+00	3.243848580e-02	2.595078864e-01	2.320046845e+01	1.135347003e-01	1.482902208e-01	3.217897792e+01	0.000000000e+00	0.000000000e+00	4.040908517e+00	5.236498423e+00	6.860739748e+00	3.102509464e+00	8.688880126e-01	0.000000000e+00	2.965804416e-01	1.645094637e-01	2.293864353e-01	1.046604574e+01	4.471876972e-01	7.090126183e-01	4.680410095e-01	0.000000000e+00	1.215052997e+01	1.181687697e-01	1.427293375e+00	8.109621451e-02	1.621924290e-01	7.182807571e-02	0.000000000e+00	1.506072555e-01	1.462048896e+00	2.444703312e+01	2.108501577e-01	7.947429022e-01	5.259668770e-01	0.000000000e+00	0.000000000e+00	4.193832808e-01	0.000000000e+00	0.000000000e+00	1.000000000e+00	0.000000000e+00	0.000000000e+00
Group:Group:D_1P	3.405540275e+00	1.399734774e+00	0.000000000e+00	1.157306483e+00	3.295870334e+00	1.038978389e+00	3.867308448e-01	3.431514735e+00	0.000000000e+00	2.308840864e-01	1.091100472e+02	1.847072692e-01	2.684027505e-01	3.480577603e+01	0.000000000e+00	0.000000000e+00	4.375253438e+00	6.998673870e+00	6.782220039e+00	2.848532417e+00	9.062200393e-01	0.000000000e+00	5.223752456e-01	3.780726916e-01	3.290098232e-01	6.632145383e+00	6.320451866e-01	5.685520629e-01	7.878919450e-01	0.000000000e+00	1.650821218e+01	9.523968566e-02	1.518062868e+00	3.059214145e-01	5.772102161e-02	4.906286837e-02	0.000000000e+00	2.337701375e-01	1.477658153e+00	2.732513163e+01	2.943772102e-01	8.484990177e-01	6.435893910e-01	0.000000000e+00	0.000000000e+00	5.858683694e-01	0.000000000e+00	0.000000000e+00	0.000000000e+00	1.000000000e+00	0.000000000e+00
Group:Group:D_2P	2.926184987e+00	1.258298928e+00	0.000000000e+00	9.570160858e-01	2.266513405e+00	9.786769437e-01	7.049624665e-01	1.033813673e+00	0.000000000e+00	2.225160858e-01	4.846321582e+01	1.102734584e-01	3.190053619e-01	2.466777882e+01	0.000000000e+00	0.000000000e+00	4.773265416e+00	5.960674263e+00	6.484473190e+00	2.934061662e+00	8.093284182e-01	0.000000000e+00	2.638686327e-01	2.008552279e-01	2.737144772e-01	3.245190349e+00	5.119839142e-01	5.297064343e-01	8.349276139e-01	0.000000000e+00	1.018847989e+01	8.467426273e-02	1.455215818e+00	1.851018767e-01	7.482841823e-02	8.270509383e-02	0.000000000e+00	1.476876676e-01	1.018060322e+00	2.207832172e+01	2.225160858e-01	9.570160858e-01	4.962305630e-01	0.000000000e+00	0.000000000e+00	4.863847185e-01	0.000000000e+00	0.000000000e+00	0.000000000e+00	1.000000000e+00	0.000000000e+00
Group:Group:D_3P	3.168669421e+00	1.484175620e+00	0.000000000e+00	1.165487603e+00	2.968351240e+00	1.286892562e+00	7.071838843e-01	1.135136364e+00	0.000000000e+00	2.488801653e-01	4.833131405e+01	1.517561983e-01	3.520743802e-01	2.223228306e+01	0.000000000e+00	0.000000000e+00	4.731758264e+00	4.953322314e+00	5.678716942e+00	3.177774793e+00	7.405702479e-01	0.000000000e+00	2.094235537e-01	2.428099174e-01	3.186880165e-01	4.974568182e+00	5.554276860e-01	7.011136364e-01	9.530289256e-01	0.000000000e+00	1.581603099e+01	1.183698347e-01	1.420438017e+00	2.003181818e-01	1.031942149e-01	4.552685950e-02	0.000000000e+00	2.397747934e-01	1.086574380e+00	2.413530579e+01	2.670909091e-01	9.682045455e-01	5.554276860e-01	0.000000000e+00	0.000000000e+00	6.343409091e-01	0.000000000e+00	0.000000000e+00	0.000000000e+00	1.000000000e+00	0.000000000e+00
Group:Group:D_4P	2.810951351e+00	1.225490090e+00	2.488036036e-01	8.575783784e-01	2.395396396e+00	1.249311712e+00	6.114216216e-01	2.699783784e+00	0.000000000e+00	2.488036036e-01	4.793969009e+01	1.614576577e-01	3.732054054e-01	2.223351351e+01	0.000000000e+00	0.000000000e+00	5.939524324e+00	5.055477477e+00	6.037457658e+00	2.702430631e+00	5.134882883e-01	0.000000000e+00	4.764324324e-01	2.673315315e-01	2.249819820e-01	4.250836036e+00	4.446702703e-01	3.149747748e-01	9.131621622e-01	0.000000000e+00	1.325276216e+01	6.087747748e-02	1.127556757e+00	1.667513514e-01	8.469909910e-02	4.764324324e-02	0.000000000e+00	1.667513514e-01	1.447825225e+00	2.239232432e+01	2.196882883e-01	7.225891892e-01	3.573243243e-01	0.000000000e+00	0.000000000e+00	4.129081081e-01	0.000000000e+00	0.000000000e+00	0.000000000e+00	1.000000000e+00	0.000000000e+00
Group:Group:D_5P	3.115165829e+00	1.267227806e+00	1.230318258e-01	9.104355109e-01	1.658469012e+00	7.677185930e-01	9.178174204e-01	1.062994975e+00	1.476381910e-01	3.248040201e-01	7.605089280e+01	1.377956449e-01	3.887805695e-01	2.219002010e+01	0.000000000e+00	0.000000000e+00	4.512807370e+00	7.982304858e+00	4.992631491e+00	2.876484087e+00	7.775611390e-01	0.000000000e+00	3.321859296e-01	2.952763819e-01	2.411423786e-01	2.189966499e+00	5.216549414e-01	6.397654941e-01	1.218015075e+00	0.000000000e+00	1.348428811e+01	9.596482412e-02	1.345968174e+00	2.116147404e-01	1.082680067e-01	8.612227806e-02	0.000000000e+00	1.648626466e-01	8.021675042e-01	2.819151256e+01	2.189966499e-01	9.719514238e-01	4.207688442e-01	0.000000000e+00	0.000000000e+00	4.355326633e-01	0.000000000e+00	0.000000000e+00	0.000000000e+00	1.000000000e+00	0.000000000e+00
Group:Group:D_6P	2.674512698e+00	1.552942857e+00	7.461587302e-02	1.037626984e+00	3.259780952e+00	4.546904762e-01	6.132492063e-01	5.099528571e+00	2.798095238e-02	2.425015873e-01	9.131816984e+01	1.025968254e-01	3.730793651e-01	2.726743810e+01	0.000000000e+00	0.000000000e+00	2.823744444e+00	4.973614286e+00	4.665823810e+00	2.655858730e+00	8.720730159e-01	0.000000000e+00	3.077904762e-01	2.938000000e-01	2.145206349e-01	7.846325397e+00	5.106523810e-01	4.407000000e-01	8.860634921e-01	0.000000000e+00	1.387855238e+01	6.062539683e-02	1.102915873e+00	1.958666667e-01	7.228412698e-02	0.000000000e+00	0.000000000e+00	1.422365079e-01	1.261474603e+00	1.725492063e+01	2.098571429e-01	7.811349206e-01	4.803396825e-01	0.000000000e+00	0.000000000e+00	3.590888889e-01	0.000000000e+00	0.000000000e+00	0.000000000e+00	1.000000000e+00	0.000000000e+00
